{
    "loss": 0.1271471530199051,
    "accuracy": 0.9019607901573181
}